종목코드,종목명,상장일,분류체계,운용사,수익률(최근 1년),기초지수,추적오차,순자산총액,괴리율,변동성,복제방법,총보수,과세유형
"451060","1Q 200액티브","2023/01/31","주식-시장대표","하나자산운용","156.00","코스피 200","0.80","285770373827","-0.23","매우높음","실물(액티브)","0.010000","배당소득세(보유기간과세)"
"0103T0","1Q K소버린AI","2025/09/30","주식-업종섹터-업종테마","하나자산운용","0.00","iSelect K소버린AI 지수","0.49","27205798072","0.27","매우높음","실물(패시브)","0.490000","비과세"
"495330","1Q 코리아밸류업","2024/11/04","주식-시장대표","하나자산운용","159.39","코리아 밸류업 지수","0.50","108413429242","0.01","매우높음","실물(패시브)","0.020000","비과세"
"105190","ACE 200","2008/09/25","주식-시장대표","한국투자신탁운용","151.62","코스피 200","0.45","1479618620244","-0.06","매우높음","실물(패시브)","0.017000","비과세"
"332500","ACE 200TR","2019/08/28","주식-시장대표","한국투자신탁운용","159.53","코스피 200 TR","0.15","155754180253","-0.01","매우높음","실물(패시브)","0.010000","배당소득세(보유기간과세)"
"385600","ACE 2차전지&친환경차액티브","2021/05/25","주식-전략-전략테마","한국투자신탁운용","49.36","FnGuide 친환경 자동차 밸류체인 지수","4.04","21152273297","-0.29","매우높음","실물(액티브)","0.290000","배당소득세(보유기간과세)"
"469150","ACE AI반도체TOP3+","2023/10/17","주식-업종섹터-업종테마","한국투자신탁운용","260.46","FnGuide AI반도체 TOP3+ 지수","0.41","548443393483","0.00","매우높음","실물(패시브)","0.300000","비과세"
"385590","ACE ESG액티브","2021/05/25","주식-전략-전략테마","한국투자신탁운용","141.54","MSCI Korea Country ESG Leaders Custom Capped Price return Index","5.03","41580945411","0.13","매우높음","실물(액티브)","0.500000","배당소득세(보유기간과세)"
"226380","ACE Fn성장소비주도주","2015/08/19","주식-전략-전략테마","한국투자신탁운용","13.50","FnGuide 성장소비주도 지수","0.37","4746862724","-0.17","높음","실물(패시브)","0.500000","비과세"
"475050","ACE KPOP포커스","2024/01/30","주식-업종섹터-업종테마","한국투자신탁운용","18.28","iSelect K-POP 포커스지수(시장가격)","0.26","153824144916","-0.15","매우높음","실물(패시브)","0.300000","비과세"
"0139P0","ACE 고배당주","2025/12/16","주식-전략-배당","한국투자신탁운용","0.00","KRX-Akros 고배당주 20 지수","1.01","65218638407","-0.13","매우높음","실물(패시브)","0.150000","비과세"
"494330","ACE 라이프자산주주가치액티브","2024/10/15","주식-전략-전략테마","한국투자신탁운용","107.28","FnGuide 기업가치 지수(시장가격)","12.16","81436058038","-0.58","매우높음","실물(액티브)","0.500000","배당소득세(보유기간과세)"
"131890","ACE 삼성그룹동일가중","2010/09/17","주식-전략-기업그룹","한국투자신탁운용","88.78","MKF SAMs EW 지수","0.57","13344065313","-0.12","매우높음","실물(패시브)","0.150000","비과세"
"108450","ACE 삼성그룹섹터가중","2009/02/03","주식-전략-기업그룹","한국투자신탁운용","127.44","MKF SAMs SW","0.35","89736742343","0.10","매우높음","실물(패시브)","0.150000","비과세"
"433500","ACE 원자력TOP10","2022/06/28","주식-업종섹터-업종테마","한국투자신탁운용","259.65","DeepSearch 원자력 TOP 10지수","0.81","318073548508","-0.20","매우높음","실물(패시브)","0.300000","비과세"
"447430","ACE 주주환원가치주액티브","2022/11/15","주식-전략-가치","한국투자신탁운용","20.83","FnGuide 올라운드 가치주 지수","10.81","62445143524","-0.52","높음","실물(액티브)","0.700000","배당소득세(보유기간과세)"
"380340","ACE 코리아AI테크핵심산업","2021/04/02","주식-업종섹터-업종테마","한국투자신탁운용","109.52","FnGuide 코리아AI테크핵심산업지수 (Price Return)","0.42","9749753430","-0.07","매우높음","실물(패시브)","0.350000","비과세"
"496120","ACE 코리아밸류업","2024/11/04","주식-시장대표","한국투자신탁운용","155.01","코리아 밸류업 지수","0.62","20139301525","0.05","매우높음","실물(패시브)","0.090000","비과세"
"354500","ACE 코스닥150","2020/05/07","주식-시장대표","한국투자신탁운용","60.53","코스닥 150","0.13","245071010943","-0.33","매우높음","실물(패시브)","0.020000","비과세"
"305050","ACE 코스피","2018/10/05","주식-시장대표","한국투자신탁운용","126.89","코스피","0.48","37203246804","-0.11","매우높음","실물(패시브)","0.020000","비과세"
"469170","ACE 포스코그룹포커스","2023/10/17","주식-전략-기업그룹","한국투자신탁운용","32.13","FnGuide 포스코그룹포커스 지수(시장가격)","1.08","123705717649","0.01","매우높음","실물(패시브)","0.300000","비과세"
"466810","BNK 2차전지양극재","2023/10/19","주식-업종섹터-업종테마","비엔케이자산운용","37.79","iSelect 2차전지양극재 지수","0.39","9991217192","-0.52","매우높음","실물(패시브)","0.395000","비과세"
"457930","BNK 미래전략기술액티브","2023/06/20","주식-업종섹터-업종테마","비엔케이자산운용","141.92","iSelect 미래전략기술 지수 (PR)","0.55","8538789849","-0.64","매우높음","실물(액티브)","0.495000","배당소득세(보유기간과세)"
"487750","BNK 온디바이스AI","2024/07/23","주식-업종섹터-업종테마","비엔케이자산운용","195.78","FnGuide 온디바이스AI 지수","0.47","64655667402","0.10","매우높음","실물(패시브)","0.395000","비과세"
"445690","BNK 주주가치액티브","2022/10/27","주식-전략-전략테마","비엔케이자산운용","103.97","FnGuide 주주가치 지수","7.78","23165071545","0.31","매우높음","실물(액티브)","0.495000","배당소득세(보유기간과세)"
"0120J0","BNK 카카오그룹포커스","2025/12/02","주식-전략-기업그룹","비엔케이자산운용","0.00","FnGuide 카카오그룹 포커스 지수","0.96","11424221990","0.28","매우높음","실물(패시브)","0.395000","비과세"
"486240","DAISHIN343 AI반도체&인프라액티브","2024/06/18","주식-업종섹터-업종테마","대신자산운용","180.19","FnGuide AI반도체&인프라 지수","4.70","72043101923","0.43","매우높음","실물(액티브)","0.360000","배당소득세(보유기간과세)"
"434960","DAISHIN343 K200","2022/06/28","주식-시장대표","대신자산운용","153.58","코스피 200","0.51","63213088622","-0.12","매우높음","실물(패시브)","0.100000","비과세"
"0098Z0","FOCUS 200","2025/09/23","주식-시장대표","브이아이자산운용","0.00","코스피 200","0.67","53517357077","-0.06","매우높음","실물(패시브)","0.050000","비과세"
"448570","FOCUS AI코리아액티브","2022/11/15","주식-시장대표","브이아이자산운용","111.20","코스피","9.05","50258931761","-0.06","매우높음","실물(액티브)","0.455000","배당소득세(보유기간과세)"
"285690","FOCUS ESG리더스","2017/12/13","주식-전략-전략테마","브이아이자산운용","75.56","KRX ESG Leaders 150","0.74","11903182589","0.31","매우높음","실물(패시브)","0.100000","비과세"
"293180","HANARO 200","2018/03/30","주식-시장대표","엔에이치아문디자산운용","154.45","코스피 200","0.50","556485869524","-0.04","매우높음","실물(패시브)","0.036000","비과세"
"407310","HANARO 200 TOP10","2021/11/24","주식-규모-대형주","엔에이치아문디자산운용","106.08","코스피 200 Top 10 지수","0.86","24291361245","0.19","매우높음","실물(패시브)","0.150000","비과세"
"332930","HANARO 200TR","2019/08/28","주식-시장대표","엔에이치아문디자산운용","158.87","코스피 200 TR","0.22","210182357324","-0.17","매우높음","실물(패시브)","0.070000","배당소득세(보유기간과세)"
"454320","HANARO CAPEX설비투자iSelect","2023/04/18","주식-업종섹터-업종테마","엔에이치아문디자산운용","176.23","iSelect CAPEX 설비투자 지수(시장가격)","1.16","118749810820","-0.14","매우높음","실물(패시브)","0.450000","비과세"
"395290","HANARO Fn K-POP&미디어","2021/07/30","주식-업종섹터-업종테마","엔에이치아문디자산운용","13.84","FnGuide K-POP & 미디어 지수","0.24","67199444690","0.36","매우높음","실물(패시브)","0.450000","비과세"
"395280","HANARO Fn K-게임","2021/07/30","주식-업종섹터-업종테마","엔에이치아문디자산운용","5.27","FnGuide K-게임 지수","0.64","11512223480","-0.40","매우높음","실물(패시브)","0.450000","비과세"
"368190","HANARO Fn K-뉴딜디지털플러스","2020/11/10","주식-업종섹터-업종테마","엔에이치아문디자산운용","12.85","FnGuide K-뉴딜 디지털 플러스 지수","0.31","33577336269","-0.58","매우높음","실물(패시브)","0.450000","비과세"
"402460","HANARO Fn K-메타버스MZ","2021/10/13","주식-업종섹터-업종테마","엔에이치아문디자산운용","48.28","FnGuide K-메타버스 MZ 지수(시장가격)","0.46","6685822450","0.33","매우높음","실물(패시브)","0.450000","비과세"
"395270","HANARO Fn K-반도체","2021/07/30","주식-업종섹터-업종테마","엔에이치아문디자산운용","255.30","FnGuide K-반도체 지수","0.40","1674773905930","-0.24","매우높음","실물(패시브)","0.450000","비과세"
"438900","HANARO Fn K-푸드","2022/08/17","주식-업종섹터-업종테마","엔에이치아문디자산운용","-0.13","FnGuide K-푸드 지수 (시장가격)","0.55","16868406351","-0.12","높음","실물(패시브)","0.450000","비과세"
"367740","HANARO Fn5G산업","2020/10/29","주식-업종섹터-업종테마","엔에이치아문디자산운용","144.24","FnGuide 5G 산업 지수","0.72","17114548621","-0.20","매우높음","실물(패시브)","0.450000","비과세"
"407300","HANARO Fn골프테마","2021/11/24","주식-업종섹터-업종테마","엔에이치아문디자산운용","90.02","FnGuide 골프 테마 지수","1.02","6322852889","-0.57","매우높음","실물(패시브)","0.450000","비과세"
"381560","HANARO Fn전기&수소차","2021/04/02","주식-업종섹터-업종테마","엔에이치아문디자산운용","89.04","FnGuide 전기&수소차 지수 (시장가격)","0.55","15137054755","0.28","매우높음","실물(패시브)","0.450000","비과세"
"441540","HANARO Fn조선해운","2022/09/15","주식-업종섹터-업종테마","엔에이치아문디자산운용","65.53","FnGuide 조선해운지수","1.40","104634810360","-0.12","매우높음","실물(패시브)","0.450000","비과세"
"381570","HANARO Fn친환경에너지","2021/04/02","주식-업종섹터-업종테마","엔에이치아문디자산운용","81.80","FnGuide 친환경에너지 지수 (시장가격)","0.55","8735972636","-0.11","매우높음","실물(패시브)","0.450000","비과세"
"479850","HANARO K-뷰티","2024/04/16","주식-업종섹터-업종테마","엔에이치아문디자산운용","31.90","FnGuide K-뷰티 지수","0.49","44542362568","0.26","매우높음","실물(패시브)","0.450000","비과세"
"304760","HANARO KRX300","2018/08/14","주식-시장대표","엔에이치아문디자산운용","146.40","KRX 300","0.50","16019530359","0.32","매우높음","실물(패시브)","0.050000","비과세"
"322410","HANARO K고배당","2019/04/23","주식-전략-배당","엔에이치아문디자산운용","64.78","FnGuide 고배당 알파 지수","1.46","45006860913","-0.15","높음","실물(패시브)","0.070000","비과세"
"0155N0","HANARO K휴머노이드테마TOP10","2026/02/26","주식-업종섹터-업종테마","엔에이치아문디자산운용","0.00","iSelect K휴머노이드테마TOP10 지수","0.65","29246649718","-0.30","매우높음","실물(패시브)","0.450000","비과세"
"332940","HANARO MSCI Korea TR","2019/08/28","주식-시장대표","엔에이치아문디자산운용","168.21","MSCI Korea TR Index","0.13","93983613120","0.31","매우높음","실물(패시브)","0.120000","배당소득세(보유기간과세)"
"322400","HANARO e커머스","2019/04/23","주식-업종섹터-업종테마","엔에이치아문디자산운용","19.73","FnGuide E커머스 지수","0.51","48163526985","-0.23","매우높음","실물(패시브)","0.450000","비과세"
"314700","HANARO 농업융복합산업","2018/12/21","주식-업종섹터-업종테마","엔에이치아문디자산운용","27.54","FnGuide 농업융복합산업 지수(시장가격)","0.95","6467121843","-0.54","높음","실물(패시브)","0.500000","비과세"
"498050","HANARO 바이오코리아액티브","2024/11/26","주식-업종섹터-업종테마","엔에이치아문디자산운용","50.27","iSelect K-바이오헬스케어","11.54","18625532778","-0.52","매우높음","실물(액티브)","0.500000","배당소득세(보유기간과세)"
"476260","HANARO 반도체핵심공정주도주","2024/02/27","주식-업종섹터-업종테마","엔에이치아문디자산운용","101.29","FnGuide 반도체 핵심공정 지수","0.77","31643929788","0.30","매우높음","실물(패시브)","0.450000","비과세"
"434730","HANARO 원자력iSelect","2022/06/28","주식-업종섹터-업종테마","엔에이치아문디자산운용","252.16","iSelect 원자력지수 (시장가격)","0.57","861976057830","-0.19","매우높음","실물(패시브)","0.450000","비과세"
"491820","HANARO 전력설비투자","2024/09/24","주식-업종섹터-업종테마","엔에이치아문디자산운용","213.66","iSelect 전력설비투자 지수","0.49","121976437303","-0.29","매우높음","실물(패시브)","0.350000","비과세"
"0111J0","HANARO 증권고배당TOP3플러스","2025/10/28","주식-업종섹터-업종테마","엔에이치아문디자산운용","0.00","FnGuide 증권 고배당 TOP3 플러스 지수","1.28","102132717391","0.10","매우높음","실물(패시브)","0.070000","비과세"
"495750","HANARO 코리아밸류업","2024/11/04","주식-시장대표","엔에이치아문디자산운용","157.66","코리아 밸류업 지수","0.58","56893356359","0.14","매우높음","실물(패시브)","0.026000","비과세"
"304770","HANARO 코스닥150","2018/08/14","주식-시장대표","엔에이치아문디자산운용","60.28","코스닥 150","0.25","32401674569","-0.28","매우높음","실물(패시브)","0.200000","비과세"
"375760","HANARO 탄소효율그린뉴딜","2021/02/05","주식-전략-전략테마","엔에이치아문디자산운용","142.29","KRX/S&P 탄소효율 그린뉴딜지수","0.54","18683271262","0.32","매우높음","실물(패시브)","0.200000","비과세"
"491700","HK 200","2024/09/10","주식-시장대표","흥국자산운용","155.11","코스피 200","0.43","76745291100","-0.33","매우높음","실물(패시브)","0.050000","비과세"
"215620","HK S&P코리아로우볼","2015/03/25","주식-전략-변동성","흥국자산운용","35.51","S&P Korea 저변동성 지수","1.37","11400452134","-0.25","보통","실물(패시브)","0.400000","비과세"
"391670","HK 베스트일레븐액티브","2021/07/06","주식-시장대표","흥국자산운용","124.04","코스피 200","13.48","21155047249","-0.60","매우높음","실물(액티브)","0.300000","배당소득세(보유기간과세)"
"472840","ITF 200","2023/12/21","주식-시장대표","아이비케이자산운용","153.40","코스피 200","0.47","26730640529","-0.04","매우높음","실물(패시브)","0.080000","비과세"
"0005G0","ITF K-AI반도체코어테크","2025/01/21","주식-업종섹터-업종테마","아이비케이자산운용","209.33","FnGuide K-AI반도체 코어테크 지수","0.37","65758146799","-0.29","매우높음","실물(패시브)","0.280000","비과세"
"069660","KIWOOM 200","2002/10/14","주식-시장대표","키움투자자산운용","153.26","코스피 200","0.50","621178060735","-0.24","매우높음","실물(패시브)","0.050000","비과세"
"294400","KIWOOM 200TR","2018/04/23","주식-시장대표","키움투자자산운용","159.78","코스피 200 TR","0.31","1691980673324","-0.04","매우높음","실물(패시브)","0.012000","배당소득세(보유기간과세)"
"460280","KIWOOM Fn유전자혁신기술","2023/06/27","주식-업종섹터-헬스케어","키움투자자산운용","51.91","FnGuide 유전자혁신기술 지수(시장가격)","1.44","2156630023","-0.47","매우높음","실물(패시브)","0.400000","비과세"
"488200","KIWOOM K-2차전지북미공급망","2024/07/23","주식-업종섹터-업종테마","키움투자자산운용","102.47","Solactive K-Battery North America Supply Chain 지수","0.39","8118324383","-0.19","매우높음","실물(패시브)","0.490000","비과세"
"488210","KIWOOM K-반도체북미공급망","2024/07/23","주식-업종섹터-업종테마","키움투자자산운용","157.20","Solactive K-Semiconductor North America Supply Chain 지수","0.64","4347672178","0.21","매우높음","실물(패시브)","0.490000","비과세"
"469790","KIWOOM K-테크TOP10","2023/10/31","주식-업종섹터-업종테마","키움투자자산운용","176.94","Solactive K-TechTOP10 Index(PR)","0.39","21010274465","0.25","매우높음","실물(패시브)","0.390000","비과세"
"100910","KIWOOM KRX100","2008/01/23","주식-시장대표","키움투자자산운용","154.06","KRX 100","0.52","29574078379","-0.06","매우높음","실물(패시브)","0.230000","비과세"
"104530","KIWOOM 고배당","2008/07/29","주식-전략-배당","키움투자자산운용","75.12","MKF 웰스 고배당20","1.82","50215917166","0.04","매우높음","실물(패시브)","0.190000","비과세"
"104520","KIWOOM 블루칩","2008/07/29","주식-규모-대형주","키움투자자산운용","66.84","MKF 블루칩","0.65","16145813293","0.08","매우높음","실물(패시브)","0.400000","비과세"
"483020","KIWOOM 의료AI","2024/05/28","주식-업종섹터-업종테마","키움투자자산운용","42.06","FnGuide 의료AI 지수","0.97","9440845150","-0.58","매우높음","실물(패시브)","0.490000","비과세"
"496090","KIWOOM 코리아밸류업","2024/11/04","주식-시장대표","키움투자자산운용","157.73","코리아 밸류업 지수","0.58","112595257559","0.35","매우높음","실물(패시브)","0.009000","비과세"
"316670","KIWOOM 코스닥150","2019/01/22","주식-시장대표","키움투자자산운용","60.97","코스닥 150","0.24","55048077259","-0.34","매우높음","실물(패시브)","0.150000","비과세"
"153270","KIWOOM 코스피100","2012/02/28","주식-시장대표","키움투자자산운용","158.32","코스피 100","0.57","28704750986","-0.03","매우높음","실물(패시브)","0.195000","비과세"
"069500","KODEX 200","2002/10/14","주식-시장대표","삼성자산운용","154.36","코스피 200","0.52","18372326301714","-0.11","매우높음","실물(패시브)","0.150000","비과세"
"226980","KODEX 200 중소형","2015/09/01","주식-규모-중형주","삼성자산운용","75.87","코스피 200 중소형주지수","0.70","24739473413","0.31","매우높음","실물(패시브)","0.300000","비과세"
"337160","KODEX 200ESG","2019/11/14","주식-전략-전략테마","삼성자산운용","163.24","코스피 200 ESG 지수","0.63","95435482593","0.08","매우높음","실물(패시브)","0.090000","비과세"
"363580","KODEX 200IT TR","2020/09/25","주식-업종섹터-정보기술","삼성자산운용","233.18","코스피200 정보기술 TR","0.13","120266583629","0.08","매우높음","실물(패시브)","0.150000","배당소득세(보유기간과세)"
"278530","KODEX 200TR","2017/11/21","주식-시장대표","삼성자산운용","160.11","코스피 200 TR","0.20","6049976570548","-0.12","매우높음","실물(패시브)","0.050000","배당소득세(보유기간과세)"
"337150","KODEX 200exTOP","2019/11/14","주식-규모-대형주","삼성자산운용","99.80","코스피 200 초대형제외 지수","0.57","17773115725","-0.10","매우높음","실물(패시브)","0.300000","비과세"
"223190","KODEX 200가치저변동","2015/06/26","주식-전략-가치","삼성자산운용","120.49","코스피 200 가치저변동성","0.72","25213295529","0.30","매우높음","실물(패시브)","0.300000","비과세"
"252650","KODEX 200동일가중","2016/09/20","주식-시장대표","삼성자산운용","64.89","코스피 200 동일가중지수","0.73","70399125771","-0.04","매우높음","실물(패시브)","0.250000","비과세"
"360140","KODEX 200롱코스닥150숏선물","2020/08/21","주식-전략-전략테마","삼성자산운용","50.31","코스피200 롱 100% 코스닥150 숏 100% 선물지수","3.31","32457892540","-0.03","매우높음","실물(패시브)","0.640000","배당소득세(보유기간과세)"
"494890","KODEX 200액티브","2024/10/29","주식-시장대표","삼성자산운용","154.51","코스피 200","0.68","1015673383143","0.00","매우높음","실물(액티브)","0.150000","배당소득세(보유기간과세)"
"498400","KODEX 200타겟위클리커버드콜","2024/12/03","주식-전략-구조화","삼성자산운용","88.74","코스피 200 타겟 15% 위클리 커버드콜 지수","1.02","3831573092347","-0.33","매우높음","실물(패시브)","0.390000","배당소득세(보유기간과세)"
"305720","KODEX 2차전지산업","2018/09/12","주식-업종섹터-업종테마","삼성자산운용","35.02","FnGuide 2차전지 산업 지수","0.53","1891512388944","-0.06","매우높음","실물(패시브)","0.450000","비과세"
"461950","KODEX 2차전지핵심소재10","2023/07/04","주식-업종섹터-업종테마","삼성자산운용","51.78","FnGuide 2차전지핵심소재10 지수","0.47","238693142229","-0.01","매우높음","실물(패시브)","0.390000","비과세"
"395160","KODEX AI반도체","2021/07/30","주식-업종섹터-업종테마","삼성자산운용","217.07","FnGuide AI반도체지수","0.61","2351047047479","-0.08","매우높음","실물(패시브)","0.450000","비과세"
"471990","KODEX AI반도체핵심장비","2023/11/21","주식-업종섹터-업종테마","삼성자산운용","185.75","iSelect AI 반도체핵심장비 지수","0.37","462907027810","0.18","매우높음","실물(패시브)","0.390000","비과세"
"487240","KODEX AI전력핵심설비","2024/07/09","주식-업종섹터-업종테마","삼성자산운용","218.12","iSelect AI 전력핵심설비 지수(Price Return)","0.41","1894995592949","-0.03","매우높음","실물(패시브)","0.390000","비과세"
"266370","KODEX IT","2017/03/28","주식-업종섹터-정보기술","삼성자산운용","196.94","KRX 정보기술","0.56","57076823699","-0.15","매우높음","실물(패시브)","0.450000","비과세"
"368680","KODEX K-뉴딜디지털플러스","2020/11/10","주식-업종섹터-업종테마","삼성자산운용","13.70","FnGuide K-뉴딜 디지털 플러스 지수","0.40","7851746962","-0.10","매우높음","실물(패시브)","0.090000","비과세"
"292190","KODEX KRX300","2018/03/26","주식-시장대표","삼성자산운용","144.76","KRX 300","0.50","65356377300","0.07","매우높음","실물(패시브)","0.050000","비과세"
"229720","KODEX KTOP30","2015/10/14","주식-시장대표","삼성자산운용","100.94","KTOP 30","0.56","19280076311","-0.14","매우높음","실물(패시브)","0.250000","비과세"
"266360","KODEX K콘텐츠","2017/03/28","주식-업종섹터-정보기술","삼성자산운용","9.24","KRX K콘텐츠","0.42","47752794410","-0.13","매우높음","실물(패시브)","0.450000","비과세"
"289040","KODEX MSCI KOREA ESG유니버설","2018/02/07","주식-전략-전략테마","삼성자산운용","154.76","MSCI Korea ESG Universal Capped Index","0.60","18447990261","-0.53","매우높음","실물(패시브)","0.300000","비과세"
"156080","KODEX MSCI Korea","2012/04/30","주식-시장대표","삼성자산운용","158.67","MSCI Korea Index","0.53","33788834071","-0.57","매우높음","실물(패시브)","0.090000","비과세"
"278540","KODEX MSCI Korea TR","2017/11/09","주식-시장대표","삼성자산운용","166.27","MSCI Korea TR Index","0.11","2443279555786","-0.08","매우높음","실물(패시브)","0.090000","배당소득세(보유기간과세)"
"395170","KODEX Top10동일가중","2021/07/30","주식-규모-대형주","삼성자산운용","111.13","FnGuide TOP10 동일가중 지수","0.46","62957262603","0.00","매우높음","실물(패시브)","0.150000","비과세"
"315930","KODEX Top5PlusTR","2019/01/22","주식-전략-전략테마","삼성자산운용","195.93","FnGuide TOP 5 Plus Total Return 지수","0.39","1529795438729","0.01","매우높음","실물(패시브)","0.150000","배당소득세(보유기간과세)"
"275290","KODEX 가치주","2017/07/11","주식-전략-가치","삼성자산운용","144.01","MSCI Korea IMI Enhanced Value Capped","0.81","23844364389","0.02","매우높음","실물(패시브)","0.300000","비과세"
"117700","KODEX 건설","2009/10/30","주식-업종섹터-건설","삼성자산운용","123.11","KRX 건설","0.68","74244241514","0.34","매우높음","실물(패시브)","0.450000","비과세"
"300950","KODEX 게임산업","2018/07/24","주식-업종섹터-업종테마","삼성자산운용","2.16","FnGuide 게임 산업 지수","0.60","35274031056","-0.68","매우높음","실물(패시브)","0.450000","비과세"
"266390","KODEX 경기소비재","2017/03/28","주식-업종섹터-경기소비재","삼성자산운용","34.75","KRX 경기소비재","0.92","10124354561","0.14","매우높음","실물(패시브)","0.450000","비과세"
"279530","KODEX 고배당주","2017/10/17","주식-전략-배당","삼성자산운용","71.54","FnGuide 고배당 Plus 지수","2.33","383745103503","0.16","높음","실물(패시브)","0.300000","비과세"
"0089D0","KODEX 금융고배당TOP10","2025/08/12","주식-업종섹터-업종테마","삼성자산운용","0.00","코스피 200 금융 고배당 TOP 10 지수","1.35","248775305436","0.05","매우높음","실물(패시브)","0.300000","비과세"
"498410","KODEX 금융고배당TOP10타겟위클리커버드콜","2024/12/17","주식-전략-구조화","삼성자산운용","35.48","코스피 200 금융 고배당 TOP 10 타겟 15%분배 위클리 커버드콜 지수","4.52","637372879391","0.05","매우높음","실물(패시브)","0.390000","배당소득세(보유기간과세)"
"102960","KODEX 기계장비","2008/05/29","주식-업종섹터-산업재","삼성자산운용","112.10","KRX 기계장비","0.52","20162790790","0.16","매우높음","실물(패시브)","0.450000","비과세"
"404260","KODEX 기후변화솔루션","2021/10/29","주식-전략-전략테마","삼성자산운용","125.53","KRX 기후변화 솔루션지수","0.44","20306967308","-0.55","매우높음","실물(패시브)","0.090000","비과세"
"445290","KODEX 로봇액티브","2022/11/15","주식-업종섹터-업종테마","삼성자산운용","127.64","iSelect K-로봇테마 지수","7.69","1074773896844","-0.27","매우높음","실물(액티브)","0.500000","배당소득세(보유기간과세)"
"337120","KODEX 멀티팩터","2019/11/14","주식-전략-혼합/퀀트","삼성자산운용","133.94","FnGuide 멀티팩터 지수","0.61","17773298644","-0.18","매우높음","실물(패시브)","0.300000","비과세"
"401470","KODEX 메타버스액티브","2021/10/13","주식-업종섹터-업종테마","삼성자산운용","32.85","FnGuide K-메타버스 지수","6.51","83741422323","-0.57","매우높음","실물(액티브)","0.500000","배당소득세(보유기간과세)"
"244620","KODEX 모멘텀Plus","2016/05/13","주식-전략-성장","삼성자산운용","57.62","FnGuide 모멘텀 Plus 지수","0.55","14083687256","-0.54","매우높음","실물(패시브)","0.300000","비과세"
"275280","KODEX 모멘텀주","2017/07/11","주식-전략-성장","삼성자산운용","136.43","MSCI Korea IMI Momentum Capped","0.53","27899724922","-0.54","매우높음","실물(패시브)","0.300000","비과세"
"244580","KODEX 바이오","2016/05/13","주식-업종섹터-업종테마","삼성자산운용","63.90","FnGuide 바이오 지수","0.26","307730190674","-0.15","매우높음","실물(패시브)","0.450000","비과세"
"091160","KODEX 반도체","2006/06/27","주식-업종섹터-업종테마","삼성자산운용","213.31","KRX 반도체","0.55","4335847535430","-0.50","매우높음","실물(패시브)","0.450000","비과세"
"0080G0","KODEX 방산TOP10","2025/07/15","주식-업종섹터-업종테마","삼성자산운용","0.00","iSelect 방산 TOP10 지수(Price Return)","0.21","545219010302","-0.19","매우높음","실물(패시브)","0.450000","비과세"
"325020","KODEX 배당가치","2019/05/31","주식-전략-배당","삼성자산운용","91.51","FnGuide SLV 배당가치 지수","0.96","175006613739","0.00","매우높음","실물(패시브)","0.300000","비과세"
"244670","KODEX 밸류Plus","2016/05/13","주식-전략-가치","삼성자산운용","44.36","FnGuide 벨류 Plus 지수","1.12","7250802802","-0.37","매우높음","실물(패시브)","0.300000","비과세"
"140700","KODEX 보험","2011/04/26","주식-업종섹터-금융","삼성자산운용","78.01","KRX 보험","2.00","55953302025","0.32","매우높음","실물(패시브)","0.450000","비과세"
"102780","KODEX 삼성그룹","2008/05/21","주식-전략-기업그룹","삼성자산운용","126.37","삼성그룹","0.62","2645979567189","0.01","매우높음","실물(패시브)","0.250000","비과세"
"213610","KODEX 삼성그룹밸류","2015/01/08","주식-전략-기업그룹","삼성자산운용","116.70","WISE 삼성그룹 밸류 인덱스","0.42","261572819150","-0.08","매우높음","실물(패시브)","0.090000","비과세"
"325010","KODEX 성장주","2019/05/31","주식-전략-성장","삼성자산운용","137.82","FnGuide 성장 지수(PR)","0.36","170025641656","0.04","매우높음","실물(패시브)","0.300000","비과세"
"385510","KODEX 신재생에너지액티브","2021/05/25","주식-전략-전략테마","삼성자산운용","149.58","FnGuide K-신재생에너지 플러스 지수","18.28","252737488055","0.24","매우높음","실물(액티브)","0.500000","배당소득세(보유기간과세)"
"117460","KODEX 에너지화학","2009/10/12","주식-업종섹터-에너지화학","삼성자산운용","54.13","KRX 에너지화학","0.56","35591772554","-0.28","매우높음","실물(패시브)","0.450000","비과세"
"275300","KODEX 우량주","2017/07/11","주식-전략-혼합/퀀트","삼성자산운용","166.80","MSCI Korea IMI Quality Capped","0.59","37803489548","0.33","매우높음","실물(패시브)","0.300000","비과세"
"140710","KODEX 운송","2011/04/26","주식-업종섹터-산업재","삼성자산운용","30.56","KRX 운송","1.02","13142314326","-0.25","매우높음","실물(패시브)","0.450000","비과세"
"0098F0","KODEX 원자력SMR","2025/09/16","주식-업종섹터-업종테마","삼성자산운용","0.00","iSelect 원자력SMR 지수(Price Return)","0.15","300880509154","-0.18","매우높음","실물(패시브)","0.450000","비과세"
"395150","KODEX 웹툰&드라마","2021/07/30","주식-업종섹터-업종테마","삼성자산운용","-8.82","FnGuide 웹툰&드라마 지수","0.71","12060547768","-0.04","매우높음","실물(패시브)","0.450000","비과세"
"091170","KODEX 은행","2006/06/27","주식-업종섹터-금융","삼성자산운용","79.88","KRX 은행","1.54","490975303825","0.22","매우높음","실물(패시브)","0.300000","비과세"
"091180","KODEX 자동차","2006/06/27","주식-업종섹터-경기소비재","삼성자산운용","76.83","KRX 자동차","1.24","578203756380","0.03","매우높음","실물(패시브)","0.450000","비과세"
"385520","KODEX 자율주행액티브","2021/05/25","주식-전략-전략테마","삼성자산운용","97.71","FnGuide K-미래차 지수","5.63","34943223507","-0.38","매우높음","실물(액티브)","0.500000","배당소득세(보유기간과세)"
"0115D0","KODEX 조선TOP10","2025/10/28","주식-업종섹터-업종테마","삼성자산운용","0.00","KRX 조선 TOP10","0.92","142034519586","0.14","매우높음","실물(패시브)","0.450000","비과세"
"0153K0","KODEX 주주환원고배당주","2026/01/20","주식-전략-배당","삼성자산운용","0.00","Akros 주주환원 고배당 지수 (Price Return)","1.43","264332455933","-0.03","매우높음","실물(패시브)","0.330000","비과세"
"102970","KODEX 증권","2008/05/29","주식-업종섹터-금융","삼성자산운용","240.64","KRX 증권","2.04","1064255590810","0.10","매우높음","실물(패시브)","0.450000","비과세"
"117680","KODEX 철강","2009/10/30","주식-업종섹터-철강소재","삼성자산운용","43.66","KRX 철강","1.11","26768054771","0.03","매우높음","실물(패시브)","0.450000","비과세"
"279540","KODEX 최소변동성","2017/10/17","주식-전략-변동성","삼성자산운용","91.59","KRX 최소변동성지수","0.87","10109806283","-0.32","매우높음","실물(패시브)","0.300000","비과세"
"445150","KODEX 친환경조선해운액티브","2022/11/15","주식-업종섹터-업종테마","삼성자산운용","93.20","FnGuide K-친환경 선박 지수","7.06","71435399516","0.23","매우높음","실물(액티브)","0.500000","배당소득세(보유기간과세)"
"211900","KODEX 코리아배당성장","2014/12/17","주식-전략-배당","삼성자산운용","82.42","코스피 배당성장 50","1.40","100432129213","-0.23","매우높음","실물(패시브)","0.150000","비과세"
"495850","KODEX 코리아밸류업","2024/11/04","주식-시장대표","삼성자산운용","158.43","코리아 밸류업 지수","0.55","685509329191","-0.07","매우높음","실물(패시브)","0.008000","비과세"
"0115E0","KODEX 코리아소버린AI","2025/10/21","주식-업종섹터-업종테마","삼성자산운용","0.00","KRX 코리아 소버린 AI 지수","0.39","106346801174","-0.19","매우높음","실물(패시브)","0.450000","비과세"
"373490","KODEX 코리아혁신성장액티브","2020/12/24","주식-전략-전략테마","삼성자산운용","113.96","FnGuide K-이노베이션 지수","8.26","12775531578","-0.73","매우높음","실물(액티브)","0.500000","배당소득세(보유기간과세)"
"229200","KODEX 코스닥150","2015/10/01","주식-시장대표","삼성자산운용","60.42","코스닥 150","0.16","7531577357409","-0.35","매우높음","실물(패시브)","0.250000","비과세"
"360150","KODEX 코스닥150롱코스피200숏선물","2020/08/21","주식-전략-전략테마","삼성자산운용","-38.33","코스닥150 롱 100% 코스피200 숏 100% 선물지수","1.96","27957202896","-0.48","매우높음","실물(패시브)","0.640000","배당소득세(보유기간과세)"
"461450","KODEX 코스닥글로벌","2023/06/29","주식-시장대표","삼성자산운용","57.98","코스닥 글로벌 지수","0.24","33661895711","-0.19","매우높음","실물(패시브)","0.090000","비과세"
"226490","KODEX 코스피","2015/08/24","주식-시장대표","삼성자산운용","126.36","코스피","0.60","916913556222","-0.13","매우높음","실물(패시브)","0.150000","비과세"
"237350","KODEX 코스피100","2016/01/27","주식-시장대표","삼성자산운용","159.06","코스피 100","0.51","741867774229","-0.03","매우높음","실물(패시브)","0.150000","비과세"
"359210","KODEX 코스피TR","2020/07/21","주식-시장대표","삼성자산운용","131.90","코스피 TR","0.28","113168153752","-0.07","매우높음","실물(패시브)","0.070000","배당소득세(보유기간과세)"
"337140","KODEX 코스피대형주","2019/11/14","주식-규모-대형주","삼성자산운용","140.78","코스피 대형주","0.57","64584150294","-0.18","매우높음","실물(패시브)","0.150000","비과세"
"244660","KODEX 퀄리티Plus","2016/05/13","주식-전략-혼합/퀀트","삼성자산운용","17.51","FnGuide 퀄리티 Plus 지수","0.79","4948123372","0.34","보통","실물(패시브)","0.300000","비과세"
"375770","KODEX 탄소효율그린뉴딜","2021/02/05","주식-전략-전략테마","삼성자산운용","140.58","KRX/S&P 탄소효율 그린뉴딜지수","0.68","50771623980","-0.09","매우높음","실물(패시브)","0.090000","비과세"
"266410","KODEX 필수소비재","2017/03/28","주식-업종섹터-생활소비재","삼성자산운용","37.98","KRX 필수소비재","0.89","14883685357","-0.02","높음","실물(패시브)","0.450000","비과세"
"266420","KODEX 헬스케어","2017/03/28","주식-업종섹터-헬스케어","삼성자산운용","30.42","KRX 헬스케어","0.83","98158070341","0.08","매우높음","실물(패시브)","0.090000","비과세"
"364690","KODEX 혁신기술테마액티브","2020/09/29","주식-시장대표","삼성자산운용","131.02","코스피","4.69","19657382799","-0.33","매우높음","실물(액티브)","0.300000","배당소득세(보유기간과세)"
"487130","KoAct AI인프라액티브","2024/07/09","주식-업종섹터-업종테마","삼성액티브자산운용","171.03","Solactive AI인프라 지수","11.85","35188773602","0.28","매우높음","실물(액티브)","0.500000","배당소득세(보유기간과세)"
"0074K0","KoAct K수출핵심기업TOP30액티브","2025/07/08","주식-업종섹터-업종테마","삼성액티브자산운용","0.00","KEDI K수출핵심기업TOP30 지수(PR)","12.22","138541930456","-0.24","매우높음","실물(액티브)","0.500000","배당소득세(보유기간과세)"
"462900","KoAct 바이오헬스케어액티브","2023/08/03","주식-업종섹터-업종테마","삼성액티브자산운용","68.46","iSelect 바이오헬스케어 PR 지수","13.22","664936072103","-0.35","매우높음","실물(액티브)","0.500000","배당소득세(보유기간과세)"
"482030","KoAct 반도체&2차전지핵심소재액티브","2024/05/14","주식-업종섹터-업종테마","삼성액티브자산운용","71.65","iSelect 반도체&2차전지핵심소재 지수","8.37","15248676044","-0.24","매우높음","실물(액티브)","0.500000","배당소득세(보유기간과세)"
"476850","KoAct 배당성장액티브","2024/02/27","주식-시장대표","삼성액티브자산운용","101.19","코스피","9.26","81463337959","0.15","매우높음","실물(액티브)","0.500000","배당소득세(보유기간과세)"
"0150K0","KoAct 수소전력ESS인프라액티브","2026/01/13","주식-업종섹터-업종테마","삼성액티브자산운용","0.00","FnGuide 수소전력ESS인프라 지수(PR)","12.32","44616817022","-0.30","매우높음","실물(액티브)","0.500000","배당소득세(보유기간과세)"
"495230","KoAct 코리아밸류업액티브","2024/11/04","주식-시장대표","삼성액티브자산운용","155.82","코리아 밸류업 지수","3.05","240760206295","0.09","매우높음","실물(액티브)","0.500000","배당소득세(보유기간과세)"
"0163Y0","KoAct 코스닥액티브","2026/03/10","주식-시장대표","삼성액티브자산운용","0.00","코스닥","26.86","1098591165222","-0.26","매우높음","실물(액티브)","0.500000","배당소득세(보유기간과세)"
"152100","PLUS 200","2012/01/10","주식-시장대표","한화자산운용","154.29","코스피 200","0.49","1377549998269","-0.04","매우높음","실물(패시브)","0.017000","비과세"
"491220","PLUS 200TR","2024/09/10","주식-시장대표","한화자산운용","160.37","코스피 200 TR","0.28","42282073397","0.39","매우높음","실물(패시브)","0.010000","배당소득세(보유기간과세)"
"395750","PLUS ESG가치주액티브","2021/07/30","주식-전략-전략테마","한화자산운용","111.77","FnGuide 한화 ESG 가치 지수","2.74","6995930788","-0.23","매우높음","실물(액티브)","0.105000","배당소득세(보유기간과세)"
"395760","PLUS ESG성장주액티브","2021/07/30","주식-전략-전략테마","한화자산운용","118.23","FnGuide 한화 ESG 성장 지수","4.21","13276749744","-0.30","매우높음","실물(액티브)","0.105000","배당소득세(보유기간과세)"
"449450","PLUS K방산","2023/01/05","주식-업종섹터-업종테마","한화자산운용","107.15","FnGuide K-방위산업 지수","0.35","1781563259892","-0.18","매우높음","실물(패시브)","0.450000","비과세"
"0090B0","PLUS K방산소부장","2025/08/26","주식-업종섹터-업종테마","한화자산운용","0.00","Akros K방산소부장 지수(PR)","0.62","16167709115","0.36","매우높음","실물(패시브)","0.450000","비과세"
"251590","PLUS 고배당저변동50","2016/08/11","주식-전략-배당","한화자산운용","39.16","FnGuide 고배당저변동50 지수","1.52","11790150176","0.12","높음","실물(패시브)","0.230000","비과세"
"161510","PLUS 고배당주","2012/08/29","주식-전략-배당","한화자산운용","78.93","FnGuide 배당주 지수","2.01","2559507745740","0.27","매우높음","실물(패시브)","0.230000","비과세"
"0018C0","PLUS 고배당주위클리고정커버드콜","2025/03/05","주식-전략-구조화","한화자산운용","34.10","코스피 고배당 위클리 고정 커버드콜 지수","2.33","90717757577","-0.25","높음","실물(패시브)","0.300000","배당소득세(보유기간과세)"
"489030","PLUS 고배당주위클리커버드콜","2024/08/13","주식-전략-구조화","한화자산운용","-3.23","코스피 고배당 위클리 콜매도 ATM 지수","6.87","231020401894","0.01","높음","실물(패시브)","0.300000","배당소득세(보유기간과세)"
"421320","PLUS 우주항공&UAM","2022/03/29","주식-업종섹터-업종테마","한화자산운용","145.66","iSelect 우주항공UAM 지수","0.46","325011246147","-0.23","매우높음","실물(패시브)","0.450000","비과세"
"0098N0","PLUS 자사주매입고배당주","2025/09/16","주식-전략-전략테마","한화자산운용","0.00","FnGuide 고배당주 플러스 자사주 지수 (PR)","1.65","101311951514","-0.17","매우높음","실물(패시브)","0.300000","비과세"
"280920","PLUS 주도업종","2017/10/17","주식-전략-혼합/퀀트","한화자산운용","100.36","FnGuide 주도업종 지수","0.64","12383352900","-0.07","매우높음","실물(패시브)","0.230000","비과세"
"266550","PLUS 중형주저변동50","2017/03/28","주식-규모-중형주","한화자산운용","45.24","FnGuide 중형주저변동50지수","1.04","4600876845","0.31","높음","실물(패시브)","0.230000","비과세"
"495040","PLUS 코리아밸류업","2024/11/04","주식-시장대표","한화자산운용","158.87","코리아 밸류업 지수","0.53","65892514794","0.18","매우높음","실물(패시브)","0.009000","비과세"
"301400","PLUS 코스닥150","2018/07/05","주식-시장대표","한화자산운용","60.58","코스닥 150","0.32","17410618521","-0.36","매우높음","실물(패시브)","0.150000","비과세"
"0166N0","PLUS 코스닥150액티브","2026/03/17","주식-시장대표","한화자산운용","0.00","코스닥 150","0.00","10706066400","0.22","매우높음","실물(액티브)","0.630000","배당소득세(보유기간과세)"
"227830","PLUS 코스피","2015/09/23","주식-시장대표","한화자산운용","126.10","코스피","0.51","15355645506","0.14","매우높음","실물(패시브)","0.200000","비과세"
"122090","PLUS 코스피50","2010/01/07","주식-시장대표","한화자산운용","170.16","코스피 50","0.55","95722843904","0.32","매우높음","실물(패시브)","0.330000","비과세"
"328370","PLUS 코스피TR","2019/06/25","주식-시장대표","한화자산운용","129.78","코스피 TR","0.53","120887887494","-0.51","매우높음","실물(패시브)","0.150000","배당소득세(보유기간과세)"
"457990","PLUS 태양광&ESS","2023/06/20","주식-업종섹터-업종테마","한화자산운용","227.07","FnGuide 태양광 & ESS 지수","0.29","90379721993","0.22","매우높음","실물(패시브)","0.450000","비과세"
"0000J0","PLUS 한화그룹주","2024/12/24","주식-전략-기업그룹","한화자산운용","112.86","FnGuide 한화그룹주 지수","0.19","272461388612","-0.10","매우높음","실물(패시브)","0.190000","비과세"
"148020","RISE 200","2011/10/20","주식-시장대표","케이비자산운용","154.16","코스피 200","0.45","3354688697890","-0.17","매우높음","실물(패시브)","0.017000","비과세"
"361580","RISE 200TR","2020/08/21","주식-시장대표","케이비자산운용","159.97","코스피 200 TR","0.22","432608473994","-0.01","매우높음","실물(패시브)","0.012000","배당소득세(보유기간과세)"
"290080","RISE 200고배당커버드콜ATM","2018/02/27","주식-전략-구조화","케이비자산운용","-4.85","코스피 200 고배당커버드콜 ATM 지수(시장가격지수)","6.99","14035233794","-1.41","보통","실물(패시브)","0.400000","배당소득세(보유기간과세)"
"284980","RISE 200금융","2017/12/08","주식-업종섹터-금융","케이비자산운용","93.06","코스피 200 금융","1.19","27079323472","0.20","매우높음","실물(패시브)","0.190000","비과세"
"475720","RISE 200위클리커버드콜","2024/03/05","주식-전략-구조화","케이비자산운용","52.98","코스피 200 위클리 커버드콜 ATM 지수","9.08","781591336761","-0.52","매우높음","실물(패시브)","0.300000","배당소득세(보유기간과세)"
"465330","RISE 2차전지TOP10","2023/09/12","주식-업종섹터-업종테마","케이비자산운용","47.47","iSelect 2차전지 TOP10 지수(PR)","0.88","74036719743","0.19","매우높음","실물(패시브)","0.070000","비과세"
"422420","RISE 2차전지액티브","2022/04/08","주식-업종섹터-업종테마","케이비자산운용","30.88","iSelect 2차전지 지수 (시장가격지수)","7.64","229948226856","-0.21","매우높음","실물(액티브)","0.350000","배당소득세(보유기간과세)"
"105780","RISE 5대그룹주","2008/10/22","주식-전략-기업그룹","케이비자산운용","128.63","MKF 5대그룹주","0.57","29952093260","-0.58","매우높음","실물(패시브)","0.400000","비과세"
"469070","RISE AI&로봇","2023/10/24","주식-업종섹터-업종테마","케이비자산운용","64.76","iSelect AI&로봇 지수(시장가격)","0.98","499640520044","-0.17","매우높음","실물(패시브)","0.400000","비과세"
"0093A0","RISE AI반도체TOP10","2025/08/26","주식-업종섹터-업종테마","케이비자산운용","0.00","FnGuide AI반도체TOP10 지수","1.44","266995724913","-0.04","매우높음","실물(패시브)","0.200000","비과세"
"0101N0","RISE AI전력인프라","2025/09/23","주식-업종섹터-업종테마","케이비자산운용","0.00","KRX-Akros AI 전력인프라 지수","0.56","215043538170","-0.16","매우높음","실물(패시브)","0.200000","비과세"
"427120","RISE AI플랫폼","2022/05/17","주식-전략-전략테마","케이비자산운용","2.85","FnGuide AI 플랫폼 지수","2.30","5199562939","-0.02","매우높음","실물(패시브)","0.450000","비과세"
"290130","RISE ESG사회책임투자","2018/02/27","주식-전략-전략테마","케이비자산운용","179.59","KRX ESG 사회책임경영지수(S)","0.77","313934158118","0.03","매우높음","실물(패시브)","0.300000","비과세"
"326240","RISE IT플러스","2019/06/20","주식-전략-전략테마","케이비자산운용","134.05","FnGuide IT플러스 지수","0.46","89519732228","-0.25","매우높음","실물(패시브)","0.400000","비과세"
"270800","RISE KQ고배당","2017/07/07","주식-전략-배당","케이비자산운용","43.82","FnGuide KQ고배당포커스 지수","1.07","9089491095","-0.40","매우높음","실물(패시브)","0.300000","비과세"
"292050","RISE KRX300","2018/03/26","주식-시장대표","케이비자산운용","144.16","KRX 300","0.64","16780011500","-0.56","매우높음","실물(패시브)","0.050000","비과세"
"388280","RISE K엔터&여행레저","2021/06/10","주식-업종섹터-업종테마","케이비자산운용","28.85","FnGuide K엔터&여행레저 지수","0.92","35380028124","-0.49","높음","실물(패시브)","0.450000","비과세"
"234310","RISE V&S셀렉트밸류","2016/02/02","주식-전략-가치","케이비자산운용","98.07","FnGuide 셀렉트 밸류 지수","0.86","13714128590","-0.81","매우높음","실물(패시브)","0.300000","비과세"
"300640","RISE 게임테마","2018/07/24","주식-업종섹터-업종테마","케이비자산운용","0.57","WISE 게임 테마 지수 (시장가격지수)","0.55","28439854984","-0.14","매우높음","실물(패시브)","0.300000","비과세"
"266160","RISE 고배당","2017/04/14","주식-전략-배당","케이비자산운용","127.62","FnGuide 고배당포커스 지수","0.97","236575281634","0.29","매우높음","실물(패시브)","0.200000","비과세"
"326230","RISE 내수주플러스","2019/06/20","주식-전략-전략테마","케이비자산운용","42.81","FnGuide 내수주플러스 지수","0.57","11004049201","-0.14","높음","실물(패시브)","0.400000","비과세"
"367760","RISE 네트워크인프라","2020/10/29","주식-업종섹터-업종테마","케이비자산운용","235.39","FnGuide 네트워크 인프라 지수","0.58","214244830161","-0.24","매우높음","실물(패시브)","0.450000","비과세"
"315960","RISE 대형고배당10TR","2019/01/22","주식-전략-전략테마","케이비자산운용","223.10","WISE 대형고배당10 TR 지수","1.98","496181326484","0.00","매우높음","실물(패시브)","0.070000","배당소득세(보유기간과세)"
"0138D0","RISE 동학개미","2025/12/16","주식-전략-전략테마","케이비자산운용","0.00","FnGuide 동학개미 지수","3.33","12466624082","-0.11","매우높음","실물(패시브)","0.070000","비과세"
"401170","RISE 메타버스","2021/10/13","주식-업종섹터-업종테마","케이비자산운용","40.05","iSelect 메타버스 지수(시장가격지수)","0.47","101081784585","-0.12","매우높음","실물(패시브)","0.450000","비과세"
"0000Z0","RISE 바이오TOP10액티브","2024/12/24","주식-업종섹터-업종테마","케이비자산운용","60.34","KRX 바이오 TOP 10 지수","24.50","81919299399","-0.40","매우높음","실물(액티브)","0.500000","배당소득세(보유기간과세)"
"446700","RISE 배터리 리사이클링","2022/11/01","주식-업종섹터-업종테마","케이비자산운용","42.74","iSelect 배터리 리사이클링 지수","1.07","15598594967","-0.31","매우높음","실물(패시브)","0.400000","비과세"
"388420","RISE 비메모리반도체액티브","2021/06/10","주식-업종섹터-업종테마","케이비자산운용","118.53","iSelect 비메모리반도체 지수(시장가격지수)","12.85","214593187141","-0.30","매우높음","실물(액티브)","0.500000","배당소득세(보유기간과세)"
"367770","RISE 수소경제테마","2020/10/29","주식-업종섹터-업종테마","케이비자산운용","130.91","FnGuide 수소 경제 테마 지수","1.83","150854859427","-0.52","매우높음","실물(패시브)","0.450000","비과세"
"140570","RISE 수출주","2011/04/15","주식-업종섹터-업종테마","케이비자산운용","92.19","MKF 수출주 지수","0.68","9303302863","-0.59","매우높음","실물(패시브)","0.400000","비과세"
"140580","RISE 우량업종대표주","2011/04/15","주식-업종섹터-업종테마","케이비자산운용","94.37","MKF 우량업종대표주 지수","1.10","14546633387","-0.27","매우높음","실물(패시브)","0.400000","비과세"
"281990","RISE 중소형고배당","2017/11/02","주식-전략-배당","케이비자산운용","57.52","FnGuide 중소형고배당포커스 지수","1.14","15172309822","-0.58","매우높음","실물(패시브)","0.300000","비과세"
"498860","RISE 코리아금융고배당","2024/12/10","주식-전략-배당","케이비자산운용","104.32","iSelect 코리아 금융 고배당 지수","2.41","58052590802","-0.09","매우높음","실물(패시브)","0.100000","비과세"
"495050","RISE 코리아밸류업","2024/11/04","주식-시장대표","케이비자산운용","158.89","코리아 밸류업 지수","0.51","888809455033","0.01","매우높음","실물(패시브)","0.008000","비과세"
"0094M0","RISE 코리아밸류업위클리고정커버드콜","2025/09/02","주식-전략-구조화","케이비자산운용","0.00","코리아 밸류업 위클리 커버드콜 30% 지수","1.26","56499361760","-0.27","매우높음","실물(패시브)","0.300000","배당소득세(보유기간과세)"
"0151P0","RISE 코리아전략산업액티브","2026/01/20","주식-업종섹터-업종테마","케이비자산운용","0.00","KAP 코리아전략산업지수","14.89","111928765330","-0.28","매우높음","실물(액티브)","0.500000","배당소득세(보유기간과세)"
"270810","RISE 코스닥150","2017/06/16","주식-시장대표","케이비자산운용","61.32","코스닥 150","0.15","507292826275","-0.15","매우높음","실물(패시브)","0.180000","비과세"
"302450","RISE 코스피","2018/07/24","주식-시장대표","케이비자산운용","125.89","코스피","0.55","397985800381","-0.04","매우높음","실물(패시브)","0.140000","비과세"
"253280","RISE 헬스케어","2016/09/23","주식-업종섹터-헬스케어","케이비자산운용","23.98","FnGuide 헬스케어 지수","0.68","13812653195","0.23","매우높음","실물(패시브)","0.400000","비과세"
"411540","SOL 200 Top10","2021/12/09","주식-규모-대형주","신한자산운용","104.98","코스피 200 Top 10 지수","1.13","27256106221","0.18","매우높음","실물(패시브)","0.150000","비과세"
"295040","SOL 200TR","2018/04/23","주식-시장대표","신한자산운용","159.35","코스피 200 TR","0.29","425634851806","-0.13","매우높음","실물(패시브)","0.050000","배당소득세(보유기간과세)"
"0167B0","SOL 200타겟위클리커버드콜","2026/03/17","주식-전략-구조화","신한자산운용","0.00","코스피 200 타겟 15% 위클리 커버드콜 지수","0.00","12648170572","0.90","매우높음","실물(패시브)","0.300000","배당소득세(보유기간과세)"
"455860","SOL 2차전지소부장Fn","2023/04/25","주식-업종섹터-업종테마","신한자산운용","50.25","FnGuide 2차전지 소부장 지수(PR)","0.52","163661137274","0.26","매우높음","실물(패시브)","0.450000","비과세"
"0167A0","SOL AI반도체TOP2플러스","2026/03/17","주식-업종섹터-업종테마","신한자산운용","0.00","FnGuide AI반도체 TOP2 플러스 지수(PR)","0.00","12160624993","0.27","매우높음","실물(패시브)","0.450000","비과세"
"455850","SOL AI반도체소부장","2023/04/25","주식-업종섹터-업종테마","신한자산운용","130.41","FnGuide AI 반도체 소부장 지수","0.51","1098445725352","-0.27","매우높음","실물(패시브)","0.450000","비과세"
"292500","SOL KRX300","2018/03/26","주식-시장대표","신한자산운용","147.11","KRX 300","0.48","20763626139","0.30","매우높음","실물(패시브)","0.050000","비과세"
"404650","SOL KRX기후변화솔루션","2021/10/29","주식-전략-전략테마","신한자산운용","125.34","KRX 기후변화 솔루션지수","0.35","13503481970","-0.43","매우높음","실물(패시브)","0.150000","비과세"
"490480","SOL K방산","2024/10/02","주식-업종섹터-업종테마","신한자산운용","110.37","KEDI K방산 지수(PR)","0.52","140360121894","-0.32","매우높음","실물(패시브)","0.450000","비과세"
"484880","SOL 금융지주플러스고배당","2024/06/25","주식-전략-배당","신한자산운용","93.13","FnGuide 금융지주플러스고배당 지수(PR)","1.54","392440822861","0.15","매우높음","실물(패시브)","0.300000","비과세"
"475300","SOL 반도체전공정","2024/02/14","주식-업종섹터-업종테마","신한자산운용","124.42","FnGuide 반도체 전공정 지수(PR)","0.58","85097214361","-0.40","매우높음","실물(패시브)","0.450000","비과세"
"475310","SOL 반도체후공정","2024/02/14","주식-업종섹터-업종테마","신한자산운용","192.58","FnGuide 반도체 후공정 지수(PR)","0.96","82799699349","0.34","매우높음","실물(패시브)","0.450000","비과세"
"0152E0","SOL 배당성향탑픽액티브","2026/01/13","주식-전략-배당","신한자산운용","0.00","FnGuide 배당성향탑픽 지수(PR)","5.27","51004093990","-0.11","매우높음","실물(액티브)","0.300000","배당소득세(보유기간과세)"
"464610","SOL 의료기기소부장Fn","2023/08/22","주식-업종섹터-업종테마","신한자산운용","1.46","FnGuide 의료기기소부장지수(PR)","0.50","14173939885","-0.47","매우높음","실물(패시브)","0.450000","비과세"
"466930","SOL 자동차TOP3플러스","2023/10/05","주식-업종섹터-업종테마","신한자산운용","111.24","FnGuide 자동차TOP3플러스지수(PR)","0.89","240628239987","-0.15","매우높음","실물(패시브)","0.450000","비과세"
"464600","SOL 자동차소부장Fn","2023/08/22","주식-업종섹터-업종테마","신한자산운용","89.96","FnGuide 자동차소부장지수(PR)","0.60","16672494808","-0.26","매우높음","실물(패시브)","0.450000","비과세"
"0005D0","SOL 전고체배터리&실리콘음극재","2025/01/07","주식-업종섹터-업종테마","신한자산운용","51.78","FnGuide 전고체배터리&실리콘음극재 지수(PR)","0.37","168271095489","0.00","매우높음","실물(패시브)","0.450000","비과세"
"466920","SOL 조선TOP3플러스","2023/10/05","주식-업종섹터-업종테마","신한자산운용","81.83","FnGuide 조선TOP3플러스지수(PR)","0.67","1950309491751","-0.09","매우높음","실물(패시브)","0.450000","비과세"
"0141S0","SOL 조선기자재","2025/12/16","주식-업종섹터-업종테마","신한자산운용","0.00","FnGuide 조선기자재 지수(PR)","0.54","33822128093","-0.04","매우높음","실물(패시브)","0.450000","비과세"
"0105E0","SOL 코리아고배당","2025/09/23","주식-전략-배당","신한자산운용","0.00","FnGuide 코리아 고배당 지수(PR)","2.21","614718623268","-0.22","매우높음","실물(패시브)","0.159000","비과세"
"444200","SOL 코리아메가테크액티브","2022/10/18","주식-업종섹터-업종테마","신한자산운용","159.42","KEDI 메가테크지수(PR)","8.42","752072297102","0.12","매우높음","실물(액티브)","0.550000","배당소득세(보유기간과세)"
"495550","SOL 코리아밸류업TR","2024/11/04","주식-시장대표","신한자산운용","163.41","코리아 밸류업 TR 지수","0.36","129686998323","0.32","매우높음","실물(패시브)","0.050000","배당소득세(보유기간과세)"
"450910","SOL 코스닥150","2023/01/31","주식-시장대표","신한자산운용","60.27","코스닥 150","0.20","52079307086","-0.47","매우높음","실물(패시브)","0.150000","비과세"
"0105D0","SOL 한국AI소프트웨어","2025/09/23","주식-업종섹터-업종테마","신한자산운용","0.00","KEDI 한국AI소프트웨어 지수(PR)","0.42","14229566029","-0.10","매우높음","실물(패시브)","0.450000","비과세"
"0092B0","SOL 한국원자력SMR","2025/08/19","주식-업종섹터-업종테마","신한자산운용","0.00","FnGuide 한국원자력 SMR 지수(PR)","0.31","168237466933","0.18","매우높음","실물(패시브)","0.450000","비과세"
"0008T0","SOL 화장품TOP3플러스","2025/01/21","주식-업종섹터-업종테마","신한자산운용","34.07","FnGuide 화장품TOP3 플러스 지수(PR)","0.43","69365154822","-0.31","매우높음","실물(패시브)","0.450000","비과세"
"102110","TIGER 200","2008/04/03","주식-시장대표","미래에셋자산운용","154.82","코스피 200","0.49","7544755145839","-0.06","매우높음","실물(패시브)","0.050000","비과세"
"139260","TIGER 200 IT","2011/04/06","주식-업종섹터-정보기술","미래에셋자산운용","227.14","코스피 200 정보기술","0.49","985149931184","-0.12","매우높음","실물(패시브)","0.400000","비과세"
"139220","TIGER 200 건설","2011/04/06","주식-업종섹터-건설","미래에셋자산운용","156.10","코스피 200 건설","0.82","69104959011","0.05","매우높음","실물(패시브)","0.400000","비과세"
"139290","TIGER 200 경기소비재","2011/04/06","주식-업종섹터-경기소비재","미래에셋자산운용","72.73","코스피 200 경기소비재","0.90","8979404516","-0.13","매우높음","실물(패시브)","0.400000","비과세"
"139270","TIGER 200 금융","2011/04/06","주식-업종섹터-금융","미래에셋자산운용","92.66","코스피 200 금융","1.20","45645967207","0.10","매우높음","실물(패시브)","0.400000","비과세"
"227550","TIGER 200 산업재","2015/09/23","주식-업종섹터-산업재","미래에셋자산운용","71.52","코스피 200 산업재","0.82","3665990607","0.35","매우높음","실물(패시브)","0.400000","비과세"
"227560","TIGER 200 생활소비재","2015/09/23","주식-업종섹터-생활소비재","미래에셋자산운용","52.05","코스피 200 생활소비재","0.82","4544283849","-0.12","높음","실물(패시브)","0.400000","비과세"
"139250","TIGER 200 에너지화학","2011/04/06","주식-업종섹터-에너지화학","미래에셋자산운용","72.59","코스피 200 에너지/화학","0.79","32858114084","-0.25","매우높음","실물(패시브)","0.340000","비과세"
"139230","TIGER 200 중공업","2011/04/06","주식-업종섹터-중공업","미래에셋자산운용","130.42","코스피 200 중공업","0.67","411200221842","-0.54","매우높음","실물(패시브)","0.340000","비과세"
"139240","TIGER 200 철강소재","2011/04/06","주식-업종섹터-철강소재","미래에셋자산운용","39.34","코스피 200 철강/소재","1.42","7449377298","0.13","매우높음","실물(패시브)","0.340000","비과세"
"227540","TIGER 200 헬스케어","2015/09/23","주식-업종섹터-헬스케어","미래에셋자산운용","11.59","코스피 200 헬스케어","1.18","32894644352","0.04","매우높음","실물(패시브)","0.400000","비과세"
"310960","TIGER 200TR","2018/11/20","주식-시장대표","미래에셋자산운용","159.39","코스피 200 TR","0.29","260576311125","-0.06","매우높음","실물(패시브)","0.090000","배당소득세(보유기간과세)"
"252000","TIGER 200동일가중","2016/09/20","주식-시장대표","미래에셋자산운용","65.19","코스피 200 동일가중지수","1.16","24144604650","-0.57","매우높음","실물(패시브)","0.210000","비과세"
"315270","TIGER 200커뮤니케이션서비스","2019/01/15","주식-업종섹터-커뮤니케이션서비스","미래에셋자산운용","18.74","코스피 200 커뮤니케이션서비스","0.60","7302804082","-0.18","매우높음","실물(패시브)","0.400000","비과세"
"289480","TIGER 200커버드콜","2018/02/09","주식-전략-구조화","미래에셋자산운용","25.26","코스피 200 커버드콜 ATM 지수","4.56","24717609021","-0.57","높음","실물(패시브)","0.380000","배당소득세(보유기간과세)"
"166400","TIGER 200커버드콜OTM","2012/10/25","주식-전략-구조화","미래에셋자산운용","56.42","코스피 200 커버드콜 5% OTM","1.07","10209036201","-1.56","높음","실물(패시브)","0.380000","배당소득세(보유기간과세)"
"0104N0","TIGER 200타겟위클리커버드콜","2025/09/23","주식-전략-구조화","미래에셋자산운용","0.00","코스피 200 타겟 7% 위클리 커버드콜 지수","0.72","159937089690","-0.34","매우높음","실물(패시브)","0.250000","배당소득세(보유기간과세)"
"364980","TIGER 2차전지TOP10","2020/10/07","주식-업종섹터-업종테마","미래에셋자산운용","26.11","KRX 2차전지 TOP 10 지수","0.88","569997450234","0.09","매우높음","실물(패시브)","0.400000","비과세"
"462010","TIGER 2차전지소재Fn","2023/07/13","주식-업종섹터-업종테마","미래에셋자산운용","62.42","FnGuide 2차전지소재 (Price Return) 지수","0.46","783882927515","0.26","매우높음","실물(패시브)","0.390000","비과세"
"305540","TIGER 2차전지테마","2018/09/12","주식-업종섹터-업종테마","미래에셋자산운용","37.59","WISE 2차전지 테마 지수","1.27","1148894549372","0.27","매우높음","실물(패시브)","0.440000","비과세"
"471760","TIGER AI반도체핵심공정","2023/11/21","주식-업종섹터-업종테마","미래에셋자산운용","128.51","iSelect AI반도체핵심공정지수","0.75","206286094234","-0.22","매우높음","실물(패시브)","0.450000","비과세"
"365040","TIGER AI코리아그로스액티브","2020/09/29","주식-시장대표","미래에셋자산운용","130.36","코스피","1.70","59770570375","-0.10","매우높음","실물(액티브)","0.400000","배당소득세(보유기간과세)"
"364960","TIGER BBIG","2020/10/07","주식-업종섹터-업종테마","미래에셋자산운용","18.95","KRX BBIG 지수","0.93","105879346534","-0.03","매우높음","실물(패시브)","0.400000","비과세"
"400970","TIGER Fn메타버스","2021/10/13","주식-업종섹터-업종테마","미래에셋자산운용","23.87","FnGuide 메타버스테마 지수","0.40","60251026269","-0.58","매우높음","실물(패시브)","0.450000","비과세"
"377990","TIGER Fn신재생에너지","2021/03/05","주식-업종섹터-업종테마","미래에셋자산운용","202.94","FnGuide 신재생에너지 지수","0.38","104202759889","0.12","매우높음","실물(패시브)","0.500000","비과세"
"417630","TIGER KEDI혁신기업ESG30","2022/02/08","주식-업종섹터-업종테마","미래에셋자산운용","75.04","KEDI 혁신기업ESG30 지수(시장가격 지수)","0.45","21004520826","0.00","매우높음","실물(패시브)","0.500000","비과세"
"292160","TIGER KRX300","2018/03/26","주식-시장대표","미래에셋자산운용","144.19","KRX 300","0.51","20454380412","-0.05","매우높음","실물(패시브)","0.070000","비과세"
"404540","TIGER KRX기후변화솔루션","2021/10/29","주식-전략-전략테마","미래에셋자산운용","127.17","KRX 기후변화 솔루션지수","0.43","7959709292","-0.56","매우높음","실물(패시브)","0.090000","비과세"
"228820","TIGER KTOP30","2015/10/14","주식-시장대표","미래에셋자산운용","101.19","KTOP 30","0.56","13707165782","-0.56","매우높음","실물(패시브)","0.210000","비과세"
"300610","TIGER K게임","2018/07/24","주식-업종섹터-업종테마","미래에셋자산운용","3.47","WISE K게임 테마 지수","0.54","15799965722","-0.14","매우높음","실물(패시브)","0.500000","비과세"
"463250","TIGER K방산&우주","2023/07/25","주식-업종섹터-업종테마","미래에셋자산운용","136.45","iSelect K방산&우주","0.89","878280082874","-0.12","매우높음","실물(패시브)","0.450000","비과세"
"138530","TIGER LG그룹플러스","2011/03/10","주식-전략-기업그룹","미래에셋자산운용","52.13","MKF LG그룹+ FW","1.18","24119227709","-0.03","매우높음","실물(패시브)","0.150000","비과세"
"445910","TIGER MKF배당귀족","2022/10/18","주식-전략-배당","미래에셋자산운용","54.13","MKF 배당귀족 지수(시장가격지수)","1.01","20817333518","0.06","높음","실물(패시브)","0.200000","비과세"
"289260","TIGER MSCI KOREA ESG리더스","2018/02/07","주식-전략-전략테마","미래에셋자산운용","141.94","MSCI Korea Country ESG Leaders Capped Index","0.49","16936043479","-0.50","매우높음","실물(패시브)","0.400000","비과세"
"289250","TIGER MSCI KOREA ESG유니버설","2018/02/07","주식-전략-전략테마","미래에셋자산운용","158.07","MSCI Korea ESG Universal Index","0.60","17673033382","-0.83","매우높음","실물(패시브)","0.400000","비과세"
"310970","TIGER MSCI Korea TR","2018/11/20","주식-시장대표","미래에셋자산운용","166.62","MSCI Korea TR Index","0.16","4533650648453","-0.44","매우높음","실물(패시브)","0.120000","배당소득세(보유기간과세)"
"364990","TIGER 게임TOP10","2020/10/07","주식-업종섹터-업종테마","미래에셋자산운용","14.14","KRX 게임 TOP 10 지수","0.75","35854626271","-0.58","매우높음","실물(패시브)","0.400000","비과세"
"139280","TIGER 경기방어","2011/04/06","주식-업종섹터-업종테마","미래에셋자산운용","31.13","코스피 200 경기방어소비재","1.11","54126420899","0.27","높음","실물(패시브)","0.400000","비과세"
"0168K0","TIGER 기술이전바이오액티브","2026/03/17","주식-업종섹터-업종테마","미래에셋자산운용","0.00","KRX 기술이전 바이오 지수","0.00","21380672341","0.23","높음","실물(액티브)","0.500000","배당소득세(보유기간과세)"
"174350","TIGER 로우볼","2013/06/20","주식-전략-변동성","미래에셋자산운용","54.06","FnGuide Low Vol 지수","1.12","8684985713","-0.09","높음","실물(패시브)","0.400000","비과세"
"147970","TIGER 모멘텀","2011/10/26","주식-전략-성장","미래에셋자산운용","107.10","FnGuide 모멘텀 지수","0.98","32792442972","0.30","매우높음","실물(패시브)","0.230000","비과세"
"483240","TIGER 미국나스닥100ETF선물","2024/11/19","주식-시장대표","미래에셋자산운용","25.76","KRX 나스닥 100 ETF 선물지수","6.79","25072923790","-0.49","매우높음","실물(패시브)","0.009000","배당소득세(보유기간과세)"
"228810","TIGER 미디어컨텐츠","2015/10/07","주식-업종섹터-업종테마","미래에셋자산운용","-0.46","WISE 미디어컨텐츠 지수","0.52","122334761531","-0.01","매우높음","실물(패시브)","0.440000","비과세"
"364970","TIGER 바이오TOP10","2020/10/07","주식-업종섹터-업종테마","미래에셋자산운용","2.17","KRX 바이오 TOP 10 지수","1.36","293077009517","0.26","매우높음","실물(패시브)","0.400000","비과세"
"091230","TIGER 반도체","2006/06/27","주식-업종섹터-업종테마","미래에셋자산운용","218.43","KRX 반도체","0.90","911566047340","-0.35","매우높음","실물(패시브)","0.460000","비과세"
"396500","TIGER 반도체TOP10","2021/08/10","주식-업종섹터-업종테마","미래에셋자산운용","236.56","FnGuide 반도체TOP10 지수","0.39","8708026970622","-0.22","매우높음","실물(패시브)","0.450000","비과세"
"211560","TIGER 배당성장","2014/12/17","주식-전략-배당","미래에셋자산운용","82.40","코스피 배당성장 50","1.40","94270036419","-0.19","매우높음","실물(패시브)","0.115000","비과세"
"472150","TIGER 배당커버드콜액티브","2023/12/12","주식-전략-구조화","미래에셋자산운용","78.82","코스피 200 커버드콜 5% OTM","14.77","792072810342","0.17","매우높음","실물(액티브)","0.500000","배당소득세(보유기간과세)"
"138520","TIGER 삼성그룹","2011/03/07","주식-전략-기업그룹","미래에셋자산운용","140.93","MKF SAMs FW","0.80","95710820714","-0.14","매우높음","실물(패시브)","0.113000","비과세"
"157490","TIGER 소프트웨어","2012/05/16","주식-업종섹터-정보기술","미래에셋자산운용","14.08","FnGuide 소프트웨어 지수","0.44","116164508547","0.02","매우높음","실물(패시브)","0.400000","비과세"
"228800","TIGER 여행레저","2015/10/07","주식-업종섹터-업종테마","미래에셋자산운용","11.89","WISE 여행레저 지수","0.88","85760024457","-0.57","매우높음","실물(패시브)","0.500000","비과세"
"227570","TIGER 우량가치","2015/09/23","주식-전략-가치","미래에셋자산운용","63.77","FnGuide 퀄리티밸류 지수","1.03","7846794321","-0.25","매우높음","실물(패시브)","0.350000","비과세"
"261140","TIGER 우선주","2017/01/06","주식-전략-전략테마","미래에셋자산운용","132.48","코스피 우선주 지수","2.17","41667883071","-0.20","매우높음","실물(패시브)","0.290000","비과세"
"091220","TIGER 은행","2006/06/27","주식-업종섹터-금융","미래에셋자산운용","79.74","KRX 은행","1.51","21524772780","-0.02","매우높음","실물(패시브)","0.460000","비과세"
"466940","TIGER 은행고배당플러스TOP10","2023/10/17","주식-전략-배당","미래에셋자산운용","82.93","FnGuide 은행고배당플러스TOP10 지수(시장가격 지수)","1.86","1005743343263","0.16","매우높음","실물(패시브)","0.300000","비과세"
"307510","TIGER 의료기기","2018/11/08","주식-업종섹터-업종테마","미래에셋자산운용","31.22","FnGuide 의료기기 지수","2.12","7042638717","-0.36","매우높음","실물(패시브)","0.500000","비과세"
"365000","TIGER 인터넷TOP10","2020/10/07","주식-업종섹터-업종테마","미래에셋자산운용","27.48","KRX 인터넷 TOP 10 지수","0.77","57696959546","-0.58","매우높음","실물(패시브)","0.400000","비과세"
"494670","TIGER 조선TOP10","2024/10/22","주식-업종섹터-업종테마","미래에셋자산운용","82.01","iSelect 조선TOP10 Index(PR)","1.00","948951488614","0.01","매우높음","실물(패시브)","0.350000","비과세"
"150460","TIGER 중국소비테마","2011/12/16","주식-전략-전략테마","미래에셋자산운용","17.39","FnGuide 중국내수테마 지수","1.12","68179108860","-0.20","높음","실물(패시브)","0.500000","비과세"
"157500","TIGER 증권","2012/05/16","주식-업종섹터-금융","미래에셋자산운용","208.82","FnGuide 증권 지수","1.72","422307253228","0.03","매우높음","실물(패시브)","0.400000","비과세"
"307520","TIGER 지주회사","2018/11/08","주식-업종섹터-업종테마","미래에셋자산운용","99.23","FnGuide 지주회사 지수","0.96","381764119589","0.07","매우높음","실물(패시브)","0.500000","비과세"
"0117V0","TIGER 코리아AI전력기기TOP3플러스","2025/10/21","주식-업종섹터-업종테마","미래에셋자산운용","0.00","KEDI 코리아AI전력기기TOP3플러스 지수","0.55","602601710035","-0.05","매우높음","실물(패시브)","0.400000","비과세"
"292150","TIGER 코리아TOP10","2018/03/30","주식-규모-대형주","미래에셋자산운용","187.98","FnGuide TOP10 지수","0.74","2437013378090","-0.17","매우높음","실물(패시브)","0.150000","비과세"
"0052D0","TIGER 코리아배당다우존스","2025/05/20","주식-전략-배당","미래에셋자산운용","0.00","Dow Jones Korea Dividend 30 지수 (Price Return)","1.27","500371467116","0.09","매우높음","실물(패시브)","0.250000","비과세"
"0104P0","TIGER 코리아배당다우존스위클리커버드콜","2025/09/23","주식-전략-구조화","미래에셋자산운용","0.00","KRX 다우존스 코리아 배당 30 타겟 7% 위클리 커버드콜 지수","1.17","40023743544","-0.11","매우높음","실물(패시브)","0.250000","배당소득세(보유기간과세)"
"496080","TIGER 코리아밸류업","2024/11/04","주식-시장대표","미래에셋자산운용","158.74","코리아 밸류업 지수","0.56","436458958662","-0.14","매우높음","실물(패시브)","0.008000","비과세"
"0091P0","TIGER 코리아원자력","2025/08/19","주식-업종섹터-업종테마","미래에셋자산운용","0.00","iSelect 코리아 원자력 지수 (Price Return)","0.26","702324683440","-0.11","매우높음","실물(패시브)","0.500000","비과세"
"471780","TIGER 코리아테크액티브","2023/11/28","주식-업종섹터-정보기술","미래에셋자산운용","202.19","KRX 정보기술","12.16","64991182746","0.21","매우높음","실물(액티브)","0.770000","배당소득세(보유기간과세)"
"0148J0","TIGER 코리아휴머노이드로봇산업","2026/01/06","주식-업종섹터-업종테마","미래에셋자산운용","0.00","KEDI 코리아 휴머노이드로봇산업 지수 (PR)","2.56","600702251859","-0.28","매우높음","실물(패시브)","0.500000","비과세"
"232080","TIGER 코스닥150","2015/11/12","주식-시장대표","미래에셋자산운용","60.26","코스닥 150","0.27","2263779342332","-0.17","매우높음","실물(패시브)","0.190000","비과세"
"261060","TIGER 코스닥150IT","2016/12/15","주식-업종섹터-정보기술","미래에셋자산운용","96.44","코스닥 150 정보기술","0.65","43264338538","-0.59","매우높음","실물(패시브)","0.400000","비과세"
"261070","TIGER 코스닥150바이오테크","2016/12/15","주식-업종섹터-헬스케어","미래에셋자산운용","45.93","코스닥 150 헬스케어","0.72","91010860386","-0.38","매우높음","실물(패시브)","0.400000","비과세"
"461580","TIGER 코스닥글로벌","2023/06/29","주식-시장대표","미래에셋자산운용","57.75","코스닥 글로벌 지수","1.56","46644776254","-0.36","매우높음","실물(패시브)","0.150000","비과세"
"277630","TIGER 코스피","2017/08/31","주식-시장대표","미래에셋자산운용","125.99","코스피","0.55","426710087868","-0.44","매우높음","실물(패시브)","0.120000","비과세"
"210780","TIGER 코스피고배당","2014/12/05","주식-전략-배당","미래에셋자산운용","66.18","코스피 고배당 50","1.59","87966679450","0.01","높음","실물(패시브)","0.240000","비과세"
"277640","TIGER 코스피대형주","2017/08/31","주식-규모-대형주","미래에셋자산운용","141.42","코스피 대형주","0.50","53999266280","-0.17","매우높음","실물(패시브)","0.240000","비과세"
"277650","TIGER 코스피중형주","2017/08/31","주식-규모-중형주","미래에셋자산운용","52.06","코스피 중형주","0.78","4549051956","-0.35","매우높음","실물(패시브)","0.240000","비과세"
"376410","TIGER 탄소효율그린뉴딜","2021/02/05","주식-전략-전략테마","미래에셋자산운용","138.83","KRX/S&P 탄소효율 그린뉴딜지수","0.52","18813844991","-0.26","매우높음","실물(패시브)","0.090000","비과세"
"387280","TIGER 퓨처모빌리티액티브","2021/05/25","주식-업종섹터-업종테마","미래에셋자산운용","75.57","FnGuide 퓨처모빌리티 지수","18.51","17585890444","-0.20","매우높음","실물(액티브)","0.770000","배당소득세(보유기간과세)"
"143860","TIGER 헬스케어","2011/07/18","주식-업종섹터-헬스케어","미래에셋자산운용","29.57","KRX 헬스케어","0.80","209192175538","-0.13","매우높음","실물(패시브)","0.400000","비과세"
"138540","TIGER 현대차그룹플러스","2011/03/10","주식-전략-기업그룹","미래에셋자산운용","117.20","MKF 현대차그룹+ FW","1.22","793270394903","-0.12","매우높음","실물(패시브)","0.150000","비과세"
"228790","TIGER 화장품","2015/10/07","주식-업종섹터-업종테마","미래에셋자산운용","19.48","WISE 화장품 지수","0.46","309213895461","-0.26","매우높음","실물(패시브)","0.500000","비과세"
"441800","TIME Korea플러스배당액티브","2022/09/27","주식-시장대표","타임폴리오자산운용","121.17","코스피 200","11.79","703826957853","-0.03","매우높음","실물(액티브)","0.800000","배당소득세(보유기간과세)"
"463050","TIME K바이오액티브","2023/08/17","주식-업종섹터-헬스케어","타임폴리오자산운용","62.47","KRX 헬스케어","15.87","468450650205","-0.16","매우높음","실물(액티브)","0.800000","배당소득세(보유기간과세)"
"404120","TIME K신재생에너지액티브","2021/10/29","주식-전략-전략테마","타임폴리오자산운용","112.15","KRX 기후변화 솔루션지수","12.25","15154234786","0.25","매우높음","실물(액티브)","0.800000","배당소득세(보유기간과세)"
"385710","TIME K이노베이션액티브","2021/05/25","주식-업종섹터-업종테마","타임폴리오자산운용","65.30","KRX BBIG 지수","20.62","14199637432","0.01","매우높음","실물(액티브)","0.800000","배당소득세(보유기간과세)"
"410870","TIME K컬처액티브","2021/12/15","주식-전략-전략테마","타임폴리오자산운용","24.18","FnGuide K-컬처 지수","11.24","45405433675","-0.18","매우높음","실물(액티브)","0.800000","배당소득세(보유기간과세)"
"495060","TIME 코리아밸류업액티브","2024/11/04","주식-시장대표","타임폴리오자산운용","151.29","코리아 밸류업 지수","8.37","157867364865","-0.31","매우높음","실물(액티브)","0.800000","배당소득세(보유기간과세)"
"0162Y0","TIME 코스닥액티브","2026/03/10","주식-시장대표","타임폴리오자산운용","0.00","코스닥","15.40","524509192132","0.20","매우높음","실물(액티브)","0.800000","배당소득세(보유기간과세)"
"385720","TIME 코스피액티브","2021/05/25","주식-시장대표","타임폴리오자산운용","122.05","코스피","9.45","297048036734","-0.42","매우높음","실물(액티브)","0.800000","배당소득세(보유기간과세)"
"108590","TREX 200","2009/01/23","주식-시장대표","유리에셋","151.55","코스피 200","0.59","17868383817","-0.02","매우높음","실물(패시브)","0.325000","비과세"
"145850","TREX 펀더멘탈 200","2011/09/23","주식-전략-가치","유리에셋","144.79","FnGuide-RAFI 코리아200 지수","0.74","23871925350","-0.02","매우높음","실물(패시브)","0.340000","비과세"
"472720","TRUSTON 주주가치액티브","2023/12/14","주식-시장대표","트러스톤자산운용","104.57","코스피 200","13.36","14584395486","0.36","매우높음","실물(액티브)","0.785000","배당소득세(보유기간과세)"
"496130","TRUSTON 코리아밸류업액티브","2024/11/04","주식-시장대표","트러스톤자산운용","122.04","코리아 밸류업 지수","9.12","13437663307","-0.61","매우높음","실물(액티브)","0.785000","배당소득세(보유기간과세)"
"433250","UNICORN R&D 액티브","2022/07/06","주식-시장대표","현대자산운용","86.81","코스피 200","10.38","9022732820","-0.50","매우높음","실물(액티브)","0.355000","배당소득세(보유기간과세)"
"494220","UNICORN SK하이닉스밸류체인액티브","2024/11/07","주식-업종섹터-업종테마","현대자산운용","248.49","FnGuide SK하이닉스밸류체인 지수","15.85","126576310504","-0.04","매우높음","실물(액티브)","0.500000","배당소득세(보유기간과세)"
"470310","UNICORN 생성형AI강소기업액티브","2023/11/21","주식-업종섹터-업종테마","현대자산운용","92.07","iSelect AI 지수","20.49","3702209244","-0.19","매우높음","실물(액티브)","0.500000","배당소득세(보유기간과세)"
"476000","UNICORN 포스트IPO액티브","2024/02/27","주식-전략-전략테마","현대자산운용","84.23","iSelect 포스트 IPO 지수","21.95","5934429471","-0.82","매우높음","실물(액티브)","0.500000","배당소득세(보유기간과세)"
"422260","VITA MZ소비액티브","2022/03/29","주식-업종섹터-업종테마","한국투자밸류자산운용","15.15","FnGuide MZ 소비 지수","13.71","15467270820","-0.84","매우높음","실물(액티브)","0.600000","배당소득세(보유기간과세)"
"452440","VITA 밸류알파액티브","2023/02/21","주식-전략-가치","한국투자밸류자산운용","40.91","FnGuide 밸류알파지수","18.05","12931533088","-0.34","높음","실물(액티브)","0.600000","배당소득세(보유기간과세)"
"448100","WON 200","2022/12/16","주식-시장대표","우리자산운용","157.45","코스피 200","0.89","103485273095","-0.22","매우높음","실물(패시브)","0.050000","비과세"
"413930","WON AI ESG액티브","2022/01/05","주식-전략-전략테마","우리자산운용","147.40","MK-iSelect AI ESG 지수(시장가격지수)","2.61","15171751519","-0.15","매우높음","실물(액티브)","0.310000","배당소득세(보유기간과세)"
"0088N0","WON K-글로벌수급상위","2025/08/12","주식-전략-전략테마","우리자산운용","0.00","DeepSearch 외인수급 Top20 지수","0.86","27774891320","-0.54","매우높음","실물(패시브)","0.690000","비과세"
"474590","WON 반도체밸류체인액티브","2024/01/16","주식-업종섹터-업종테마","우리자산운용","242.02","FnGuide 반도체 밸류체인 (Price Return) 지수","7.61","163749889208","0.03","매우높음","실물(액티브)","0.310000","배당소득세(보유기간과세)"
"0154F0","WON 초대형IB&금융지주","2026/01/20","주식-전략-전략테마","우리자산운용","0.00","iSelect 초대형IB&금융지주 지수","2.27","81857745593","0.06","매우높음","실물(패시브)","0.290000","비과세"
"0053M0","더제이 중소형포커스액티브","2025/07/22","주식-규모-중형주","더제이자산운용","0.00","코스피 200 중소형주지수","14.84","10018592756","-0.68","매우높음","실물(액티브)","0.685000","배당소득세(보유기간과세)"
"438740","마이다스 중소형액티브","2022/08/17","주식-규모-중형주","마이다스에셋","70.94","코스피 중형주","10.67","8358621545","-0.33","매우높음","실물(액티브)","0.620000","배당소득세(보유기간과세)"
"403790","마이다스 코스피액티브","2021/10/13","주식-시장대표","마이다스에셋","138.22","코스피","4.15","159793720615","0.27","매우높음","실물(액티브)","0.620000","배당소득세(보유기간과세)"
"0112X0","마이티 200TR","2025/10/28","주식-시장대표","디비자산운용","0.00","코스피 200 TR","0.21","30103844703","0.00","매우높음","실물(패시브)","0.050000","배당소득세(보유기간과세)"
"442260","마이티 다이나믹퀀트액티브","2022/10/25","주식-시장대표","디비자산운용","153.88","코스피 200","3.00","37591423958","0.33","매우높음","실물(액티브)","0.295000","배당소득세(보유기간과세)"
"0001P0","마이티 바이오시밀러&CDMO액티브","2024/12/24","주식-업종섹터-업종테마","디비자산운용","35.16","FnGuide 바이오시밀러&CDMO 지수","13.36","16235936539","-0.58","매우높음","실물(액티브)","0.805000","배당소득세(보유기간과세)"
"159800","마이티 코스피100","2012/07/05","주식-시장대표","디비자산운용","159.63","코스피 100","0.98","19776818053","-0.07","매우높음","실물(패시브)","0.375000","비과세"
"0007N0","아이엠에셋 200","2025/02/11","주식-시장대표","아이엠에셋자산운용","158.82","코스피 200","0.47","81522306627","0.14","매우높음","실물(패시브)","0.050000","비과세"
"442090","에셋플러스 코리아대장장이액티브","2022/09/20","주식-전략-전략테마","에셋플러스자산운용","106.69","FnGuide 대장장이 지수(Price Return)","13.92","22914502422","0.74","매우높음","실물(액티브)","0.975000","배당소득세(보유기간과세)"
"407820","에셋플러스 코리아플랫폼액티브","2021/11/16","주식-전략-전략테마","에셋플러스자산운용","32.22","FnGuide 플랫폼 지수(Price Return)","16.10","17913791747","-0.58","매우높음","실물(액티브)","0.975000","배당소득세(보유기간과세)"
"152870","파워 200","2012/02/13","주식-시장대표","교보악사자산운용","154.53","코스피 200","0.46","135876858256","-0.11","매우높음","실물(패시브)","0.145000","비과세"
"491510","파워 K-주주가치액티브","2024/09/24","주식-전략-전략테마","교보악사자산운용","68.92","FnGuide K-주주가치 지수","1.99","19655394111","-0.22","매우높음","실물(액티브)","0.405000","배당소득세(보유기간과세)"
"192720","파워 고배당저변동성","2014/02/20","주식-전략-배당","교보악사자산운용","61.94","코스피 200 고배당지수","1.41","30948846012","-0.26","매우높음","실물(패시브)","0.230000","비과세"
"140950","파워 코스피100","2011/05/03","주식-시장대표","교보악사자산운용","160.18","코스피 100","0.46","39050105620","-0.25","매우높음","실물(패시브)","0.155000","비과세"